Comedy,Action,Western,Musical,Sci-Fi,Crime,Adventure,Children's,Drama,Fantasy,Thriller,Documentary,Animation,Mystery,Horror,War,Film-Noir,Romance
m2510,m1102,m3487,m2934,m1570,m3860,m146,m2079,m2960,m2021,m3075,m756,m720,m1909,m3772,m1450,m2727,m2157
m3595,m3443,m3642,m1932,m3486,m1598,m1538,m1592,m3415,m792,m2212,m3609,m745,m2219,m3666,m760,m930,m932
m1871,m2487,m3682,m1947,m2658,m1352,m1750,m2031,m2673,m1315,m2856,m246,m1148,m1484,m3346,m665,m3121,m1658
m2244,m1796,m3681,m1951,m1603,m1645,m3834,m250,m1369,m2444,m2505,m556,m244,m257,m3875,m632,m1153,m1475
m2999,m815,m1209,m1926,m3934,m1447,m484,m2828,m2607,m632,m1715,m1123,m2142,m2267,m3027,m3066,m3292,m2340
m1561,m1720,m1008,m938,m76,m463,m925,m343,m2609,m682,m2178,m116,m2876,m652,m1692,m3670,m2066,m803
m734,m3184,m967,m918,m2666,m2842,m2173,m54,m3250,m3580,m23,m1147,m1489,m335,m3205,m3339,m320,m2721
m3883,m1383,m964,m963,m2346,m521,m1849,m2152,m2557,m2209,m422,m2776,m3287,m1232,m3216,m3367,m913,m1071
m212,m2892,m1283,m914,m2667,m1805,m3674,m87,m1090,m394,m561,m1169,m888,m1459,m2783,m1927,m1069,m1514
m3282,m3523,m1266,m900,m680,m296,m3166,m1654,m924,m3245,m1427,m1361,m3775,m2583,m2636,m2670,m1252,m2497
